ICME Plasma/Field Start Y/M/D (UT) (b),Evidence of BiDirectional suprathermal Electron strahls (BDE),"""quality"" of the boundary times",Increase in solar wind speed at the upstream disturbance (shock/wave),solar wind speed km/s,Mean magnetic field strength in the ICME,magnetic cloud has been reported,minimum value of the geomagnetic,Mean 1 AU transit speed of the disturbance,forward fast shock happens,"""quality"" of the boundary times*",Evidence of BiDirectional suprathermal Electron strahls (BDE)*,Increase in solar wind speed at the upstream disturbance (shock/wave)*,magnetic cloud has been reported*,minimum value of the geomagnetic*,Mean 1 AU transit speed of the disturbance*
1996-05-27 15:00:00,N,2,0,370,9,2,-33,...,No,2.0,no Evidence,0,magnetic cloud has been reported,-33,0
1996-07-01 18:00:00,N,3,40,360,11,2,-20,...,No,3.0,no Evidence,40,magnetic cloud has been reported,-20,0
1996-08-07 12:00:00,N,2,10,350,7,2,-23,...,No,2.0,no Evidence,10,magnetic cloud has been reported,-23,0
1996-12-23 17:00:00,N,2,20,360,10,2,-18,435,No,2.0,no Evidence,20,magnetic cloud has been reported,-18,435
1997-01-10 04:00:00,Y,1,100 S,450,14,2,-78,507,Yes,1.0,some Evidence,100,magnetic cloud has been reported,-78,507
1997-02-10 02:00:00,Y,2,90  S,450,8,2,-68,683,Yes,2.0,some Evidence,90,magnetic cloud has been reported,-68,683
1997-04-11 06:00:00,Y,1,150,460,20,2,-82,552,No,1.0,some Evidence,150,magnetic cloud has been reported,-82,552
1997-04-21 10:00:00,Y,2,40,360,12,2,-107,...,No,2.0,some Evidence,40,magnetic cloud has been reported,-107,0
1997-05-15 09:00:00,N,1,150 S,450,21,2,-115,616,Yes,1.0,no Evidence,150,magnetic cloud has been reported,-115,616
1997-05-26 16:00:00,Y,2,70 S,340,10,2H,-74,381,Yes,2.0,some Evidence,70,"magnetic cloud has been reported&
event reported by Huttunen et al. Ann Geophys",-74,381
1997-06-08 18:00:00,Y,3,30,380,12,2,-84,...,No,3.0,some Evidence,30,magnetic cloud has been reported,-84,0
1997-06-19 07:00:00,Y,2,60,360,8,2,-36,...,No,2.0,some Evidence,60,magnetic cloud has been reported,-36,0
1997-07-15 08:00:00,Y,2,80,350,10,2,-45,...,No,2.0,some Evidence,80,magnetic cloud has been reported,-45,0
1997-08-03 13:00:00,Y,1,80,400,16,2,-48,410,No,1.0,some Evidence,80,magnetic cloud has been reported,-48,410
1997-08-17 06:00:00,N,2W,60,390,7,0,-28,...,No,2.5,no Evidence,60,magnetic cloud has not been reported,-28,0
1997-09-03 13:00:00,Y,3W,40 S,410,14,1,-98,405,Yes,3.5,some Evidence,40,"evidence of a rotation in field direction, but lacks some other characteristics of a magnetic cloud",-98,405
1997-09-21 21:00:00,N,1,110,440,16,2,-36,450,No,1.0,no Evidence,110,magnetic cloud has been reported,-36,450
1997-10-01 16:00:00,Y,1,60 S,450,10,2,-98,580,Yes,1.0,some Evidence,60,magnetic cloud has been reported,-98,580
1997-10-10 11:00:00,Y,2,30,430,8,1,-64,...,No,2.0,some Evidence,30,"evidence of a rotation in field direction, but lacks some other characteristics of a magnetic cloud",-64,0
1997-10-10 22:00:00,Y,1,40 S,400,12,2,-130,430,Yes,1.0,some Evidence,40,magnetic cloud has been reported,-130,430
1997-10-27 00:00:00,Y,2,40,500,7,1,-60,572,No,2.0,some Evidence,40,"evidence of a rotation in field direction, but lacks some other characteristics of a magnetic cloud",-60,572
1997-11-07 04:00:00,Y,2,140 S,400,11,2,-110,640,Yes,2.0,some Evidence,140,magnetic cloud has been reported,-110,640
1997-11-22 19:00:00,Y,1,170 S,510,17,2,-108,640,Yes,1.0,some Evidence,170,magnetic cloud has been reported,-108,640
1997-11-24 00:00:00,Y,2,100,530,5,0,-47,...,No,2.0,some Evidence,100,magnetic cloud has not been reported,-47,0
1997-12-10 18:00:00,...,2,50 S,350,12,0,-60,460,Yes,2.0,nan,50,magnetic cloud has not been reported,-60,460
1997-12-30 10:00:00,Y,3,50 S,370,12,1,-77,430,Yes,3.0,some Evidence,50,"evidence of a rotation in field direction, but lacks some other characteristics of a magnetic cloud",-77,430
1998-01-07 01:00:00,Y,2,80 S,400,16,2,-77,480,Yes,2.0,some Evidence,80,magnetic cloud has been reported,-77,480
1998-01-09 07:00:00,N,2,0,450,6,1,-28,...,No,2.0,no Evidence,0,"evidence of a rotation in field direction, but lacks some other characteristics of a magnetic cloud",-28,0
1998-01-20 17:00:00,Y,3W,50,430,5,1,-29,...,No,3.5,some Evidence,50,"evidence of a rotation in field direction, but lacks some other characteristics of a magnetic cloud",-29,0
1998-01-21 06:00:00,N,3W,0,380,13,0,-11,430,No,3.5,no Evidence,0,magnetic cloud has not been reported,-11,430
1998-01-29 20:00:00,Y,2,30 S,380,7,0,-55,557,Yes,2.0,some Evidence,30,magnetic cloud has not been reported,-55,557
1998-02-04 04:00:00,Y,1,50,320,11,2,-34,...,No,1.0,some Evidence,50,magnetic cloud has been reported,-34,0
1998-02-17 10:00:00,Y,2W,30,400,12,2H,-100,602,No,2.5,some Evidence,30,"magnetic cloud has been reported&
event reported by Huttunen et al. Ann Geophys",-100,602
1998-02-19 01:00:00,N,2,20 S,440,9,1,-51,...,Yes,2.0,no Evidence,20,"evidence of a rotation in field direction, but lacks some other characteristics of a magnetic cloud",-51,0
1998-03-04 13:00:00,N,1,30 S,350,12,2,-36,440,Yes,1.0,no Evidence,30,magnetic cloud has been reported,-36,440
1998-03-25 13:00:00,Y,1,20,400,10,1,-56,...,No,1.0,some Evidence,20,"evidence of a rotation in field direction, but lacks some other characteristics of a magnetic cloud",-56,0
1998-03-31 11:00:00,N,1,30,360,7,0,-35,...,No,1.0,no Evidence,30,magnetic cloud has not been reported,-35,0
1998-04-11 23:00:00,N,3W,20,390,8,0,-46,...,No,3.5,no Evidence,20,magnetic cloud has not been reported,-46,0
1998-05-02 05:00:00,Y,1,150 S,520,11,2,-85,780,Yes,1.0,some Evidence,150,magnetic cloud has been reported,-85,780
1998-05-04 10:00:00,Y,2,250 Wv,550,10,0,-205,1150,No,2.0,some Evidence,250,magnetic cloud has not been reported,-205,1150
1998-06-02 10:00:00,N,2,10,390,9,2,-1,...,No,2.0,no Evidence,10,magnetic cloud has been reported,-1,0
1998-06-14 04:00:00,Y,3,80 S,340,10,1,-55,...,Yes,3.0,some Evidence,80,"evidence of a rotation in field direction, but lacks some other characteristics of a magnetic cloud",-55,0
1998-06-24 16:00:00,Y,2,80,450,12,2,-25,...,No,2.0,some Evidence,80,magnetic cloud has been reported,-25,0
1998-06-26 04:00:00,Y,2,30 S,470,11,0,-101,...,Yes,2.0,some Evidence,30,magnetic cloud has not been reported,-101,0
1998-07-06 06:00:00,N,1,50 S,450,5,0,-30,dg,Yes,1.0,no Evidence,50,magnetic cloud has not been reported,-30,0
1998-07-11 00:00:00,Y,3W,20,400,10,0,-35,dg,No,3.5,some Evidence,20,magnetic cloud has not been reported,-35,0
1998-08-01 04:00:00,N,3,30,410,7,1,-6,dg,No,3.0,no Evidence,30,"evidence of a rotation in field direction, but lacks some other characteristics of a magnetic cloud",-6,0
1998-08-05 13:00:00,Y,2W,0,360,8,1,-138,dg,No,2.5,some Evidence,0,"evidence of a rotation in field direction, but lacks some other characteristics of a magnetic cloud",-138,0
1998-08-07 23:00:00,N,2,0,450,7,0,-62,dg,No,2.0,no Evidence,0,magnetic cloud has not been reported,-62,0
1998-08-10 11:00:00,Y,3W,100 S,450,7,0,-27,dg,Yes,3.5,some Evidence,100,magnetic cloud has not been reported,-27,0
1998-08-12 01:00:00,Y,3W,20,370,8,1,-19,dg,No,3.5,some Evidence,20,"evidence of a rotation in field direction, but lacks some other characteristics of a magnetic cloud",-19,0
1998-08-20 06:00:00,Y,1,50 S,320,13,2,-67,dg,Yes,1.0,some Evidence,50,magnetic cloud has been reported,-67,0
1998-08-26 22:00:00,Y,2,200 S,650,14,0,-155,1260,Yes,2.0,some Evidence,200,magnetic cloud has not been reported,-155,1260
1998-09-23 04:00:00,Y,2,80,420,7,1,-33,dg,No,2.0,some Evidence,80,"evidence of a rotation in field direction, but lacks some other characteristics of a magnetic cloud",-33,0
1998-09-25 06:00:00,Y,1,300 S,640,13,2,-207,1020,Yes,1.0,some Evidence,300,magnetic cloud has been reported,-207,1020
1998-10-19 04:00:00,Y,1,50 S,390,18,2,-112,510,Yes,1.0,some Evidence,50,magnetic cloud has been reported,-112,510
1998-10-23 15:00:00,N,3,50 S,520,7,0,-52,...,Yes,3.0,no Evidence,50,magnetic cloud has not been reported,-52,0
1998-11-07 22:00:00,Y,2,130 S,450,15,1,-81,570,Yes,2.0,some Evidence,130,"evidence of a rotation in field direction, but lacks some other characteristics of a magnetic cloud",-81,570
1998-11-09 01:00:00,Y,2,200 S,450,12,2,-149,740,Yes,2.0,some Evidence,200,magnetic cloud has been reported,-149,740
1998-11-13 02:00:00,Y,3,50,390,17,2H,-131,520,No,3.0,some Evidence,50,"magnetic cloud has been reported&
event reported by Huttunen et al. Ann Geophys",-131,520
1998-11-30 21:00:00,Y,2,100 S,470,9,0,-15,...,Yes,2.0,some Evidence,100,magnetic cloud has not been reported,-15,0
1998-12-29 18:00:00,N,2,30 S,400,8,0,-58,dg,Yes,2.0,no Evidence,30,magnetic cloud has not been reported,-58,0
1999-01-04 04:00:00,Y,3W,20,350,8,0,-29,dg,No,3.5,some Evidence,20,magnetic cloud has not been reported,-29,0
1999-01-13 15:00:00,N,2,70 S,420,18,0,-112,dg,Yes,2.0,no Evidence,70,magnetic cloud has not been reported,-112,0
1999-01-23 09:00:00,Y,3,120 S,570,12,0,-52,dg,Yes,3.0,some Evidence,120,magnetic cloud has not been reported,-52,0
1999-02-13 19:00:00,N,3W,20,440,9,0,-17,...,No,3.5,no Evidence,20,magnetic cloud has not been reported,-17,0
1999-02-16 15:00:00,N,3,0,460,6,1,-7,...,No,3.0,no Evidence,0,"evidence of a rotation in field direction, but lacks some other characteristics of a magnetic cloud",-7,0
1999-02-17 16:00:00,Y,3,30 S,410,8,0,-34,...,Yes,3.0,some Evidence,30,magnetic cloud has not been reported,-34,0
1999-02-18 10:00:00,Y,2,250 S,540,9,2,-123,870,Yes,2.0,some Evidence,250,magnetic cloud has been reported,-123,870
1999-03-10 17:00:00,Y,2,30 S,410,7,0,-81,...,Yes,2.0,some Evidence,30,magnetic cloud has not been reported,-81,0
1999-03-19 11:00:00,Y,3W,10,340,5,1,-30,...,No,3.5,some Evidence,10,"evidence of a rotation in field direction, but lacks some other characteristics of a magnetic cloud",-30,0
1999-04-16 18:00:00,Y,1,50 S,410,18,2,-91,520,Yes,1.0,some Evidence,50,magnetic cloud has been reported,-91,520
1999-04-21 04:00:00,Y,1,120,490,8,2H,-29,...,No,1.0,some Evidence,120,"magnetic cloud has been reported&
event reported by Huttunen et al. Ann Geophys",-29,0
1999-05-15 16:00:00,N,3,0,390,5,0,-13,...,No,3.0,no Evidence,0,magnetic cloud has not been reported,-13,0
1999-06-02 23:00:00,Y,3,40,430,9,1,-6,...,No,3.0,some Evidence,40,"evidence of a rotation in field direction, but lacks some other characteristics of a magnetic cloud",-6,0
1999-06-27 22:00:00,Y,3,100 S,670,7,0,-41,760,Yes,3.0,some Evidence,100,magnetic cloud has not been reported,-41,760
1999-07-03 05:00:00,...,2,100 S,440,4,0,-26,...,Yes,2.0,nan,100,magnetic cloud has not been reported,-26,0
1999-07-06 21:00:00,N,2,50 S,460,10,1,-4,620,Yes,2.0,no Evidence,50,"evidence of a rotation in field direction, but lacks some other characteristics of a magnetic cloud",-4,620
1999-07-07 07:00:00,Y,3,70,450,4,0,-1,...,No,3.0,some Evidence,70,magnetic cloud has not been reported,-1,0
1999-07-27 17:00:00,Y,3,30 S,390,6,0,-38,560,Yes,3.0,some Evidence,30,magnetic cloud has not been reported,-38,560
1999-07-30 20:00:00,Y,3,90,620,9,0,-52,710,No,3.0,some Evidence,90,magnetic cloud has not been reported,-52,710
1999-07-31 19:00:00,N,3,100,480,5,1,-39,510,No,3.0,no Evidence,100,"evidence of a rotation in field direction, but lacks some other characteristics of a magnetic cloud",-39,510
1999-08-02 15:00:00,N,3,20,370,4,0,-16,...,No,3.0,no Evidence,20,magnetic cloud has not been reported,-16,0
1999-08-08 20:00:00,Y,2,20 S,360,9,2,-47,...,Yes,2.0,some Evidence,20,magnetic cloud has been reported,-47,0
1999-08-12 03:00:00,Y,3,40,380,6,0,-13,615,No,3.0,some Evidence,40,magnetic cloud has not been reported,-13,615
1999-08-20 23:00:00,Y,2,0,460,7,1,-66,510,No,2.0,some Evidence,0,"evidence of a rotation in field direction, but lacks some other characteristics of a magnetic cloud",-66,510
1999-09-21 12:00:00,Y,3,0,360,9,2,-41,...,No,3.0,some Evidence,0,magnetic cloud has been reported,-41,0
1999-09-22 19:00:00,Y,1,120 S,530,11,0,-173,770,Yes,1.0,some Evidence,120,magnetic cloud has not been reported,-173,770
1999-10-21 08:00:00,Y,2,30 S,480,20,0,-237,561,Yes,2.0,some Evidence,30,magnetic cloud has not been reported,-237,561
1999-11-12 10:00:00,N,2,50,450,5,0,-69,dg,No,2.0,no Evidence,50,magnetic cloud has not been reported,-69,0
1999-11-13 20:00:00,N,3W,50 S,440,7,2H,-106,dg,Yes,3.5,no Evidence,50,"magnetic cloud has been reported&
event reported by Huttunen et al. Ann Geophys",-106,0
1999-11-22 00:00:00,Y,3,40,450,9,0,-41,dg,No,3.0,some Evidence,40,magnetic cloud has not been reported,-41,0
1999-12-12 19:00:00,Y,2,300 S,520,12,0,-85,dg,Yes,2.0,some Evidence,300,magnetic cloud has not been reported,-85,0
1999-12-14 04:00:00,Y,2,20,440,12,0,-33,dg,No,2.0,some Evidence,20,magnetic cloud has not been reported,-33,0
1999-12-27 11:00:00,Y,3,50 S,430,8,1,-8,...,Yes,3.0,some Evidence,50,"evidence of a rotation in field direction, but lacks some other characteristics of a magnetic cloud",-8,0
2000-01-22 17:00:00,Y,2,30 S,380,16,1,-97,530,Yes,2.0,some Evidence,30,"evidence of a rotation in field direction, but lacks some other characteristics of a magnetic cloud",-97,530
2000-02-11 16:00:00,Y,1,60 S,420,7,0,-25,630,Yes,1.0,some Evidence,60,magnetic cloud has not been reported,-25,630
2000-02-12 12:00:00,Y,2,180 S,540,13,2,-133,915,Yes,2.0,some Evidence,180,magnetic cloud has been reported,-133,915
2000-02-14 12:00:00,N,3,100 S,520,5,0,-67,815,Yes,3.0,no Evidence,100,magnetic cloud has not been reported,-67,815
2000-02-21 05:00:00,Y,2,120 S,380,15,2,-26,560,Yes,2.0,some Evidence,120,magnetic cloud has been reported,-26,560
2000-03-01 03:00:00,Y,1,20,480,8,0,-43,...,No,1.0,some Evidence,20,magnetic cloud has not been reported,-43,0
2000-03-19 02:00:00,Y,2,20,380,9,0,-3,...,No,2.0,some Evidence,20,magnetic cloud has not been reported,-3,0
2000-03-29 19:00:00,N,2,280,420,7,0,-60,...,No,2.0,no Evidence,280,magnetic cloud has not been reported,-60,0
2000-04-07 06:00:00,Y,2,220 S,560,6,1,-288,860,Yes,2.0,some Evidence,220,"evidence of a rotation in field direction, but lacks some other characteristics of a magnetic cloud",-288,860
2000-04-18 20:00:00,N,3,30,460,10,1,-14,510,No,3.0,no Evidence,30,"evidence of a rotation in field direction, but lacks some other characteristics of a magnetic cloud",-14,510
2000-04-24 04:00:00,N,3W,60,500,13,0,-61,...,No,3.5,no Evidence,60,magnetic cloud has not been reported,-61,0
2000-05-02 20:00:00,Y,3,150 S,500,6,0,-37,530,Yes,3.0,some Evidence,150,magnetic cloud has not been reported,-37,530
2000-05-07 00:00:00,Y,3W,10,400,8,0,-10,...,No,3.5,some Evidence,10,magnetic cloud has not been reported,-10,0
2000-05-13 17:00:00,N,2,100,500,8,0,-2,603,No,2.0,no Evidence,100,magnetic cloud has not been reported,-2,603
2000-05-15 19:00:00,N,3,20,430,8,0,-32,...,No,3.0,no Evidence,20,magnetic cloud has not been reported,-32,0
2000-05-16 23:00:00,N,2,130,550,9,1,-92,500,No,2.0,no Evidence,130,"evidence of a rotation in field direction, but lacks some other characteristics of a magnetic cloud",-92,500
2000-05-23 09:00:00,Y,2,70,570,8,0,-10,830,No,2.0,some Evidence,70,magnetic cloud has not been reported,-10,830
2000-05-24 12:00:00,Y,2,50 S,530,5,1,-147,650,Yes,2.0,some Evidence,50,"evidence of a rotation in field direction, but lacks some other characteristics of a magnetic cloud",-147,650
2000-06-04 22:00:00,Y,3,130 S,470,9,0,-35,403,Yes,3.0,some Evidence,130,magnetic cloud has not been reported,-35,403
2000-06-08 12:00:00,Y,2,260 S,610,11,0,-90,1007,Yes,2.0,some Evidence,260,magnetic cloud has not been reported,-90,1007
2000-06-11 09:00:00,Y,2,40 S,510,11,1,-36,...,Yes,2.0,some Evidence,40,"evidence of a rotation in field direction, but lacks some other characteristics of a magnetic cloud",-36,0
2000-06-13 12:00:00,N,2,60,440,4,0,-37,...,No,2.0,no Evidence,60,magnetic cloud has not been reported,-37,0
2000-06-18 09:00:00,N,3W,10,380,5,1,-12,...,No,3.5,no Evidence,10,"evidence of a rotation in field direction, but lacks some other characteristics of a magnetic cloud",-12,0
2000-06-24 00:00:00,Y,1,120 S,500,10,2,-34,...,Yes,1.0,some Evidence,120,magnetic cloud has been reported,-34,0
2000-06-26 10:00:00,Y,2,60,520,10,0,-76,...,No,2.0,some Evidence,60,magnetic cloud has not been reported,-76,0
2000-07-01 09:00:00,N,2,20,390,7,2,-11,...,No,2.0,no Evidence,20,magnetic cloud has been reported,-11,0
2000-07-11 02:00:00,Y,2,90 S,440,13,0,0,609,Yes,2.0,some Evidence,90,magnetic cloud has not been reported,0,609
2000-07-11 22:00:00,Y,1,30 S,520,10,2H,-26,...,Yes,1.0,some Evidence,30,"magnetic cloud has been reported&
event reported by Huttunen et al. Ann Geophys",-26,0
2000-07-13 13:00:00,Y,3,200 S,610,7,2H,-43,940,Yes,3.0,some Evidence,200,"magnetic cloud has been reported&
event reported by Huttunen et al. Ann Geophys",-43,940
2000-07-14 17:00:00,Y,2,150 S,780,9,2,-57,...,Yes,2.0,some Evidence,150,magnetic cloud has been reported,-57,0
2000-07-15 19:00:00,Y,2,350 S,740,20,2,-301,1500,Yes,2.0,some Evidence,350,magnetic cloud has been reported,-301,1500
2000-07-20 01:00:00,Y,2,100 S,530,8,0,-93,...,Yes,2.0,some Evidence,100,magnetic cloud has not been reported,-93,0
2000-07-23 15:00:00,N,3,20,360,9,0,-68,dg,No,3.0,no Evidence,20,magnetic cloud has not been reported,-68,0
2000-07-27 02:00:00,Y,2,50 S,360,6,1,-42,490,Yes,2.0,some Evidence,50,"evidence of a rotation in field direction, but lacks some other characteristics of a magnetic cloud",-42,490
2000-07-28 12:00:00,Y,2,70 S,440,9,2,-71,550,Yes,2.0,some Evidence,70,magnetic cloud has been reported,-71,550
2000-08-10 19:00:00,Y,1,50 S,430,12,2H,-106,530,Yes,1.0,some Evidence,50,"magnetic cloud has been reported&
event reported by Huttunen et al. Ann Geophys",-106,530
2000-08-12 05:00:00,Y,1,120 S,580,18,2,-235,830,Yes,1.0,some Evidence,120,magnetic cloud has been reported,-235,830
2000-09-02 22:00:00,N,1,40,420,8,0,-20,418,No,1.0,no Evidence,40,magnetic cloud has not been reported,-20,418
2000-09-08 12:00:00,Y,3,50,450,5,0,-48,530,No,3.0,some Evidence,50,magnetic cloud has not been reported,-48,530
2000-09-17 21:00:00,Y,2,250 S,600,10,2,-201,...,Yes,2.0,some Evidence,250,magnetic cloud has been reported,-201,0
2000-10-03 10:00:00,Y,1,60 S,400,14,2,-143,...,Yes,1.0,some Evidence,60,magnetic cloud has been reported,-143,0
2000-10-05 13:00:00,Y,2,110 S,450,6,1,-182,756,Yes,2.0,some Evidence,110,"evidence of a rotation in field direction, but lacks some other characteristics of a magnetic cloud",-182,756
2000-10-13 16:00:00,Y,1,120 S,400,12,2,-107,590,Yes,1.0,some Evidence,120,magnetic cloud has been reported,-107,590
2000-10-28 21:00:00,Y,1,50 S,380,14,2,-127,565,Yes,1.0,some Evidence,50,magnetic cloud has been reported,-127,565
2000-11-06 17:00:00,Y,2,110 S,510,20,2,-159,660,Yes,2.0,some Evidence,110,magnetic cloud has been reported,-159,660
2000-11-08 13:00:00,Y,2,50,440,7,1,-36,...,No,2.0,some Evidence,50,"evidence of a rotation in field direction, but lacks some other characteristics of a magnetic cloud",-36,0
2000-11-11 08:00:00,N,2,110 S,790,7,0,-37,1200,Yes,2.0,no Evidence,110,magnetic cloud has not been reported,-37,1200
2000-11-27 08:00:00,Y,2,150 S,560,10,0,-80,...,Yes,2.0,some Evidence,150,magnetic cloud has not been reported,-80,0
2000-11-28 11:00:00,Y,2,50 S,540,9,1,-119,720,Yes,2.0,some Evidence,50,"evidence of a rotation in field direction, but lacks some other characteristics of a magnetic cloud",-119,720
2000-12-22 03:00:00,Y,3W,40,290,4,0,-1,...,No,3.5,some Evidence,40,magnetic cloud has not been reported,-1,0
2000-12-23 00:00:00,Y,3,50,320,12,0,-62,380,No,3.0,some Evidence,50,magnetic cloud has not been reported,-62,380
2001-01-24 09:00:00,Y,2,140 S,400,4,1,-61,680,Yes,2.0,some Evidence,140,"evidence of a rotation in field direction, but lacks some other characteristics of a magnetic cloud",-61,680
2001-03-04 04:00:00,N,2,50 S,440,8,2H,-73,610,Yes,2.0,no Evidence,50,"magnetic cloud has been reported&
event reported by Huttunen et al. Ann Geophys",-73,610
2001-03-19 17:00:00,Y,1,100 S,360,15,2,-149,520,Yes,1.0,some Evidence,100,magnetic cloud has been reported,-149,520
2001-03-27 20:00:00,Y,2,80 S,610,12,2H,-87,...,Yes,2.0,some Evidence,80,"magnetic cloud has been reported&
event reported by Huttunen et al. Ann Geophys",-87,0
2001-03-28 17:00:00,Y,3,200 S,480,3,0,-51,850,Yes,3.0,some Evidence,200,magnetic cloud has not been reported,-51,850
2001-03-31 05:00:00,Y,3,200 S,640,33,1,-387,690,Yes,3.0,some Evidence,200,"evidence of a rotation in field direction, but lacks some other characteristics of a magnetic cloud",-387,690
2001-04-01 04:00:00,Y,2,200,600,5,1,...,700,No,2.0,some Evidence,200,"evidence of a rotation in field direction, but lacks some other characteristics of a magnetic cloud",0,700
2001-04-04 18:00:00,Y,2,90 S,650,9,2,-50,1020,Yes,2.0,some Evidence,90,magnetic cloud has been reported,-50,1020
2001-04-08 14:00:00,Y,3,100 S,740,13,0,-59,1050,Yes,3.0,some Evidence,100,magnetic cloud has not been reported,-59,1050
2001-04-11 22:00:00,Y,2,230 S,640,14,2,-271,1290,Yes,2.0,some Evidence,230,magnetic cloud has been reported,-271,1290
2001-04-13 09:00:00,Y,1,200 S,730,9,0,-77,990,Yes,1.0,some Evidence,200,magnetic cloud has not been reported,-77,990
2001-04-15 17:00:00,SEP,2W,0,500,4,0,-36,...,No,2.5,intense solar energetic particle event was in progress at the time of ICME passage and electron flows therefore cannot be determined,0,magnetic cloud has not been reported,-36,0
2001-04-18 12:00:00,Y,2,140 S,430,8,0,-114,...,Yes,2.0,some Evidence,140,magnetic cloud has not been reported,-114,0
2001-04-21 23:00:00,N,1,50 S,350,11,2,-102,...,Yes,1.0,no Evidence,50,magnetic cloud has been reported,-102,0
2001-04-28 14:00:00,N,2,400 S,550,8,2,-47,1040,Yes,2.0,no Evidence,400,magnetic cloud has been reported,-47,1040
2001-05-03 11:00:00,Y,2W,0,380,8,0,-2,...,No,2.5,some Evidence,0,magnetic cloud has not been reported,-2,0
2001-05-07 19:00:00,Y,2,30,360,8,1,-25,...,No,2.0,some Evidence,30,"evidence of a rotation in field direction, but lacks some other characteristics of a magnetic cloud",-25,0
2001-05-09 12:00:00,N,2,50 S,430,8,1,-76,...,Yes,2.0,no Evidence,50,"evidence of a rotation in field direction, but lacks some other characteristics of a magnetic cloud",-76,0
2001-05-11 13:00:00,N,2W,0,430,8,0,-48,...,No,2.5,no Evidence,0,magnetic cloud has not been reported,-48,0
2001-05-28 03:00:00,N,2,100 S,420,7,2,-42,...,Yes,2.0,no Evidence,100,magnetic cloud has been reported,-42,0
2001-06-07 18:00:00,N,1,50 S,390,9,1,-8,...,Yes,1.0,no Evidence,50,"evidence of a rotation in field direction, but lacks some other characteristics of a magnetic cloud",-8,0
2001-06-27 03:00:00,N,1,20,420,3,1,-18,...,No,1.0,no Evidence,20,"evidence of a rotation in field direction, but lacks some other characteristics of a magnetic cloud",-18,0
2001-07-09 02:00:00,Y,2,30,400,5,2,-38,520,No,2.0,some Evidence,30,magnetic cloud has been reported,-38,520
2001-07-13 17:00:00,N,2,20,400,8,1,-4,...,No,2.0,no Evidence,20,"evidence of a rotation in field direction, but lacks some other characteristics of a magnetic cloud",-4,0
2001-08-03 11:00:00,Y,3,60 S,420,10,0,-13,...,Yes,3.0,some Evidence,60,magnetic cloud has not been reported,-13,0
2001-08-15 05:00:00,N,3W,0,390,5,0,-16,...,No,3.5,no Evidence,0,magnetic cloud has not been reported,-16,0
2001-08-17 20:00:00,Y,2,150  S,500,11,0,-105,620,Yes,2.0,some Evidence,150,magnetic cloud has not been reported,-105,620
2001-08-30 17:00:00,Y,3W,50 S,420,6,1,-40,...,Yes,3.5,some Evidence,50,"evidence of a rotation in field direction, but lacks some other characteristics of a magnetic cloud",-40,0
2001-09-01 13:00:00,N,2,0,360,5,1,-17,...,No,2.0,no Evidence,0,"evidence of a rotation in field direction, but lacks some other characteristics of a magnetic cloud",-17,0
2001-09-13 18:00:00,Y,2,30 S,410,10,1,-57,...,Yes,2.0,some Evidence,30,"evidence of a rotation in field direction, but lacks some other characteristics of a magnetic cloud",-57,0
2001-09-24 00:00:00,N,3W,30,440,7,1,-73,570,No,3.5,no Evidence,30,"evidence of a rotation in field direction, but lacks some other characteristics of a magnetic cloud",-73,570
2001-09-25 06:00:00,SEP,2,30,380,5,0,-24,...,No,2.0,intense solar energetic particle event was in progress at the time of ICME passage and electron flows therefore cannot be determined,30,magnetic cloud has not been reported,-24,0
2001-09-29 11:00:00,Y,2,180 S,560,12,1,-66,790,Yes,2.0,some Evidence,180,"evidence of a rotation in field direction, but lacks some other characteristics of a magnetic cloud",-66,790
2001-10-01 08:00:00,Y,2,80 S,490,9,0,-148,710,Yes,2.0,some Evidence,80,magnetic cloud has not been reported,-148,710
2001-10-02 04:00:00,Y,2,40,490,8,0,-104,715,No,2.0,some Evidence,40,magnetic cloud has not been reported,-104,715
2001-10-02 14:00:00,Y,2,30,500,12,2H,-166,...,No,2.0,some Evidence,30,"magnetic cloud has been reported&
event reported by Huttunen et al. Ann Geophys",-166,0
2001-10-04 14:00:00,N,3,0,420,3,0,...,...,No,3.0,no Evidence,0,magnetic cloud has not been reported,0,0
2001-10-12 04:00:00,Y,2,180 S,560,22,1,-71,780,Yes,2.0,some Evidence,180,"evidence of a rotation in field direction, but lacks some other characteristics of a magnetic cloud",-71,780
2001-10-21 20:00:00,Y,1,250 S,460,9,0,-187,870,Yes,1.0,some Evidence,250,magnetic cloud has not been reported,-187,870
2001-10-27 03:00:00,Y,3,20,420,10,0,-27,417,No,3.0,some Evidence,20,magnetic cloud has not been reported,-27,417
2001-10-29 22:00:00,N,2,150 S,360,5,0,-157,694,Yes,2.0,no Evidence,150,magnetic cloud has not been reported,-157,694
2001-10-31 20:00:00,Y,2,60 S,330,11,2,-106,...,Yes,2.0,some Evidence,60,magnetic cloud has been reported,-106,0
2001-11-05 19:00:00,SEP,2,30,420,18,1,-73,...,No,2.0,intense solar energetic particle event was in progress at the time of ICME passage and electron flows therefore cannot be determined,30,"evidence of a rotation in field direction, but lacks some other characteristics of a magnetic cloud",-73,0
2001-11-06 12:00:00,Y,2,300  S,600,7,1,-292,1250,Yes,2.0,some Evidence,300,"evidence of a rotation in field direction, but lacks some other characteristics of a magnetic cloud",-292,1250
2001-11-19 22:00:00,Y,3W,130 S,430,6,1,-47,680,Yes,3.5,some Evidence,130,"evidence of a rotation in field direction, but lacks some other characteristics of a magnetic cloud",-47,680
2001-11-24 14:00:00,Y,2,550 S,720,14,2,-221,1320,Yes,2.0,some Evidence,550,magnetic cloud has been reported,-221,1320
2001-12-28 00:00:00,Y,2,10,360,8,0,-10,...,No,2.0,some Evidence,10,magnetic cloud has not been reported,-10,0
2001-12-30 00:00:00,N,3,90 S,400,16,1,-58,580,Yes,3.0,no Evidence,90,"evidence of a rotation in field direction, but lacks some other characteristics of a magnetic cloud",-58,580
2002-02-28 17:00:00,Y,2,80 S,390,11,2H,-71,...,Yes,2.0,some Evidence,80,"magnetic cloud has been reported&
event reported by Huttunen et al. Ann Geophys",-71,0
2002-03-19 05:00:00,Y,2,160 S,380,15,2,-37,667,Yes,2.0,some Evidence,160,magnetic cloud has been reported,-37,667
2002-03-21 14:00:00,Y,3,210 S,440,8,0,-13,...,Yes,3.0,some Evidence,210,magnetic cloud has not been reported,-13,0
2002-03-24 12:00:00,Y,2,70 S,450,15,2,-100,625,Yes,2.0,some Evidence,70,magnetic cloud has been reported,-100,625
2002-04-12 01:00:00,N,3W,0,420,8,1,-32,...,No,3.5,no Evidence,0,"evidence of a rotation in field direction, but lacks some other characteristics of a magnetic cloud",-32,0
2002-04-17 16:00:00,Y,1,150 S,480,14,2,-127,750,Yes,1.0,some Evidence,150,magnetic cloud has been reported,-127,750
2002-04-20 00:00:00,Y,1,200 S,500,8,2,-149,863,Yes,1.0,some Evidence,200,magnetic cloud has been reported,-149,863
2002-05-11 15:00:00,N,2,90 S,430,15,1,-110,610,Yes,2.0,no Evidence,90,"evidence of a rotation in field direction, but lacks some other characteristics of a magnetic cloud",-110,610
2002-05-20 10:00:00,Y,3,70 S,420,7,1,-36,420,Yes,3.0,some Evidence,70,"evidence of a rotation in field direction, but lacks some other characteristics of a magnetic cloud",-36,420
2002-05-23 20:00:00,Y,2,400 S,590,11,2,-109,1323,Yes,2.0,some Evidence,400,magnetic cloud has been reported,-109,1323
2002-07-18 12:00:00,Y,3,100 S,460,6,1,-17,955,Yes,3.0,some Evidence,100,"evidence of a rotation in field direction, but lacks some other characteristics of a magnetic cloud",-17,955
2002-07-20 02:00:00,Y,2,650 S,650,7,0,-36,...,Yes,2.0,some Evidence,650,magnetic cloud has not been reported,-36,0
2002-07-31 22:00:00,Y,3,40,410,10,0,-21,...,No,3.0,some Evidence,40,magnetic cloud has not been reported,-21,0
2002-08-01 09:00:00,N,2,70 S,450,12,2,-51,...,Yes,2.0,no Evidence,70,magnetic cloud has been reported,-51,0
2002-08-02 06:00:00,Y,2,60 S,460,10,2,-102,500,Yes,2.0,some Evidence,60,magnetic cloud has been reported,-102,500
2002-08-19 12:00:00,Y,2,160 S,460,8,1,-106,766,Yes,2.0,some Evidence,160,"evidence of a rotation in field direction, but lacks some other characteristics of a magnetic cloud",-106,766
2002-08-29 21:00:00,N,2W,0,400,8,1,-42,...,No,2.5,no Evidence,0,"evidence of a rotation in field direction, but lacks some other characteristics of a magnetic cloud",-42,0
2002-09-07 12:00:00,Y,2,0,380,8,1,-41,...,No,2.0,some Evidence,0,"evidence of a rotation in field direction, but lacks some other characteristics of a magnetic cloud",-41,0
2002-09-08 04:00:00,Y,2,170 S,470,11,0,-181,880,Yes,2.0,some Evidence,170,magnetic cloud has not been reported,-181,880
2002-09-08 22:00:00,N,2,50,440,9,1,-82,...,No,2.0,no Evidence,50,"evidence of a rotation in field direction, but lacks some other characteristics of a magnetic cloud",-82,0
2002-09-19 20:00:00,Y,2,80,520,5,0,-40,910,No,2.0,some Evidence,80,magnetic cloud has not been reported,-40,910
2002-09-30 20:00:00,Y,2,70 S,390,23,2,-176,...,Yes,2.0,some Evidence,70,magnetic cloud has been reported,-176,0
2002-10-03 01:00:00,N,2,80 S,430,11,1,-146,...,Yes,2.0,no Evidence,80,"evidence of a rotation in field direction, but lacks some other characteristics of a magnetic cloud",-146,0
2002-11-17 10:00:00,Y,2,20 S,380,10,1,-52,...,Yes,2.0,some Evidence,20,"evidence of a rotation in field direction, but lacks some other characteristics of a magnetic cloud",-52,0
2002-12-17 18:00:00,Y,2,0,380,14,0,-30,...,No,2.0,some Evidence,0,magnetic cloud has not been reported,-30,0
2002-12-21 03:00:00,N,2,30,440,11,0,-75,...,No,2.0,no Evidence,30,magnetic cloud has not been reported,-75,0
2003-01-27 01:00:00,Y,2,60,500,9,2H,-20,...,No,2.0,some Evidence,60,"magnetic cloud has been reported&
event reported by Huttunen et al. Ann Geophys",-20,0
2003-02-01 19:00:00,Y,2,340 S,510,11,0,-72,820,Yes,2.0,some Evidence,340,magnetic cloud has not been reported,-72,820
2003-02-18 04:00:00,Y,1,70  S,600,8,0,-17,...,Yes,1.0,some Evidence,70,magnetic cloud has not been reported,-17,0
2003-03-20 12:00:00,Y,1,100 S,650,11,2,-64,...,Yes,1.0,some Evidence,100,magnetic cloud has been reported,-64,0
2003-05-09 07:00:00,N,2,100 S,680,8,1,-84,...,Yes,2.0,no Evidence,100,"evidence of a rotation in field direction, but lacks some other characteristics of a magnetic cloud",-84,0
2003-05-29 13:00:00,Y,3,70 S,650,10,1,-49,...,Yes,3.0,some Evidence,70,"evidence of a rotation in field direction, but lacks some other characteristics of a magnetic cloud",-49,0
2003-05-30 02:00:00,Y,3,120 S,600,20,1,-144,999,Yes,3.0,some Evidence,120,"evidence of a rotation in field direction, but lacks some other characteristics of a magnetic cloud",-144,999
2003-05-30 22:00:00,Y,3,220 S,680,7,0,-63,1078,Yes,3.0,some Evidence,220,magnetic cloud has not been reported,-63,1078
2003-06-15 20:00:00,Y,3,80,510,10,1,-68,dg,No,3.0,some Evidence,80,"evidence of a rotation in field direction, but lacks some other characteristics of a magnetic cloud",-68,0
2003-06-17 10:00:00,N,3,80,480,10,2,-141,650,No,3.0,no Evidence,80,magnetic cloud has been reported,-141,650
2003-07-23 14:00:00,N,2,90,430,6,1,-26,...,No,2.0,no Evidence,90,"evidence of a rotation in field direction, but lacks some other characteristics of a magnetic cloud",-26,0
2003-08-04 22:00:00,Y,2,0,440,9,1,-60,...,No,2.0,some Evidence,0,"evidence of a rotation in field direction, but lacks some other characteristics of a magnetic cloud",-60,0
2003-08-16 02:00:00,N,2,70,490,7,1,-11,...,No,2.0,no Evidence,70,"evidence of a rotation in field direction, but lacks some other characteristics of a magnetic cloud",-11,0
2003-08-18 01:00:00,Y,1,80 S,450,18,2,-148,630,Yes,1.0,some Evidence,80,magnetic cloud has been reported,-148,630
2003-10-22 02:00:00,Y,2,100,520,9,1,-61,...,No,2.0,some Evidence,100,"evidence of a rotation in field direction, but lacks some other characteristics of a magnetic cloud",-61,0
2003-10-24 21:00:00,Y,2,140 S,560,21,1,-36,760,Yes,2.0,some Evidence,140,"evidence of a rotation in field direction, but lacks some other characteristics of a magnetic cloud",-36,760
2003-10-25 14:00:00,Y,3,40,490,13,0,-49,...,No,3.0,some Evidence,40,magnetic cloud has not been reported,-49,0
2003-10-26 22:00:00,Y,2,90 S,470,10,1,-52,...,Yes,2.0,some Evidence,90,"evidence of a rotation in field direction, but lacks some other characteristics of a magnetic cloud",-52,0
2003-10-28 02:30:00,Y,1,130 S,610,19,0,-32,1331,Yes,1.0,some Evidence,130,magnetic cloud has not been reported,-32,1331
2003-10-29 11:00:00,Y,2,900 S,1300,32,2H,-353,2185,Yes,2.0,some Evidence,900,"magnetic cloud has been reported&
event reported by Huttunen et al. Ann Geophys",-353,2185
2003-10-31 02:00:00,Y,2,750 S,800,9,1,-383,2138,Yes,2.0,some Evidence,750,"evidence of a rotation in field direction, but lacks some other characteristics of a magnetic cloud",-383,2138
2003-11-20 10:00:00,Y,2,240 S,580,28,2,-422,886,Yes,2.0,some Evidence,240,magnetic cloud has been reported,-422,886
2004-01-10 06:00:00,N,2,60,560,10,1,-45,...,No,2.0,no Evidence,60,"evidence of a rotation in field direction, but lacks some other characteristics of a magnetic cloud",-45,0
2004-01-22 08:00:00,Y,2,200 S,560,12,0,-130,850,Yes,2.0,some Evidence,200,magnetic cloud has not been reported,-130,850
2004-01-23 23:00:00,Y,2,60 S,490,10,1,-81,720,Yes,2.0,some Evidence,60,"evidence of a rotation in field direction, but lacks some other characteristics of a magnetic cloud",-81,720
2004-02-17 18:00:00,N,2,0,440,8,0,-24,...,No,2.0,no Evidence,0,magnetic cloud has not been reported,-24,0
2004-04-03 14:00:00,Y,1,40 S,440,15,2,-117,560,Yes,1.0,some Evidence,40,magnetic cloud has been reported,-117,560
2004-04-26 17:00:00,N,2,50,460,6,1,0,dg,No,2.0,no Evidence,50,"evidence of a rotation in field direction, but lacks some other characteristics of a magnetic cloud",0,0
2004-05-01 00:00:00,N,2,40,430,9,0,-34,dg,No,2.0,no Evidence,40,magnetic cloud has not been reported,-34,0
2004-05-01 15:00:00,Y,2,30,400,9,1,-13,dg,No,2.0,some Evidence,30,"evidence of a rotation in field direction, but lacks some other characteristics of a magnetic cloud",-13,0
2004-07-22 18:00:00,Y,2,90 S,560,11,2,-99,920,Yes,2.0,some Evidence,90,magnetic cloud has been reported,-99,920
2004-07-24 14:00:00,Y,2,90 S,560,20,2,-136,890,Yes,2.0,some Evidence,90,magnetic cloud has been reported,-136,890
2004-07-25 20:00:00,Y,2,110,640,6,1,...,890,No,2.0,some Evidence,110,"evidence of a rotation in field direction, but lacks some other characteristics of a magnetic cloud",0,890
2004-07-27 02:00:00,Y,1,300 S,870,16,2,-170,1302,Yes,1.0,some Evidence,300,magnetic cloud has been reported,-170,1302
2004-08-01 09:00:00,N,3,40,440,6,1,-33,...,No,3.0,no Evidence,40,"evidence of a rotation in field direction, but lacks some other characteristics of a magnetic cloud",-33,0
2004-08-29 19:00:00,N,1,40 S,390,12,2,-129,...,Yes,1.0,no Evidence,40,magnetic cloud has been reported,-129,0
2004-09-14 15:00:00,Y,3W,110 S,550,6,1,-38,960,Yes,3.5,some Evidence,110,"evidence of a rotation in field direction, but lacks some other characteristics of a magnetic cloud",-38,960
2004-09-18 12:00:00,N,3,20,400,6,1,-33,500,No,3.0,no Evidence,20,"evidence of a rotation in field direction, but lacks some other characteristics of a magnetic cloud",-33,500
2004-11-07 22:00:00,Y,1,140 S,630,18,2,-374,720,Yes,1.0,some Evidence,140,magnetic cloud has been reported,-374,720
2004-11-09 20:00:00,SEP,1,170 S,640,14,2,-263,830,Yes,1.0,intense solar energetic particle event was in progress at the time of ICME passage and electron flows therefore cannot be determined,170,magnetic cloud has been reported,-263,830
2004-11-12 08:00:00,Y,2,60,520,7,1,-92,1080,No,2.0,some Evidence,60,"evidence of a rotation in field direction, but lacks some other characteristics of a magnetic cloud",-92,1080
2004-12-12 22:00:00,Y,2,60,400,13,1,-56,640,No,2.0,some Evidence,60,"evidence of a rotation in field direction, but lacks some other characteristics of a magnetic cloud",-56,640
2004-12-27 16:00:00,Y,3,80,440,7,1,-47,dg,No,3.0,some Evidence,80,"evidence of a rotation in field direction, but lacks some other characteristics of a magnetic cloud",-47,0
2005-01-07 15:00:00,N,2,60,520,17,1,-93,550,No,2.0,no Evidence,60,"evidence of a rotation in field direction, but lacks some other characteristics of a magnetic cloud",-93,550
2005-01-08 21:00:00,N,2,40,460,9,1,...,570,No,2.0,no Evidence,40,"evidence of a rotation in field direction, but lacks some other characteristics of a magnetic cloud",0,570
2005-01-16 14:00:00,Y,3,80,520,8,1,-65,640,No,3.0,some Evidence,80,"evidence of a rotation in field direction, but lacks some other characteristics of a magnetic cloud",-65,640
2005-01-18 23:00:00,Y,1,...,800,12,0,-80,1170,No,1.0,some Evidence,0,magnetic cloud has not been reported,-80,1170
2005-01-21 19:00:00,Y,2,340 S,810,19,0,-97,1210,Yes,2.0,some Evidence,340,magnetic cloud has not been reported,-97,1210
2005-01-31 14:00:00,N,2,120,560,8,0,-28,...,No,2.0,no Evidence,120,magnetic cloud has not been reported,-28,0
2005-02-18 14:00:00,Y,1,50,530,6,0,-80,...,No,1.0,some Evidence,50,magnetic cloud has not been reported,-80,0
2005-02-20 12:00:00,N,3,0,410,5,1,-43,500,No,3.0,no Evidence,0,"evidence of a rotation in field direction, but lacks some other characteristics of a magnetic cloud",-43,500
2005-02-22 14:00:00,N,3,30,380,9,0,-2,...,No,3.0,no Evidence,30,magnetic cloud has not been reported,-2,0
2005-05-15 06:00:00,Y,2,400 S,630,15,2,-247,1270,Yes,2.0,some Evidence,400,magnetic cloud has been reported,-247,1270
2005-05-20 03:00:00,N,2,30,430,10,2,-83,488,No,2.0,no Evidence,30,magnetic cloud has been reported,-83,488
2005-05-29 03:00:00,N,2,60 S,400,11,1,-33,...,Yes,2.0,no Evidence,60,"evidence of a rotation in field direction, but lacks some other characteristics of a magnetic cloud",-33,0
2005-05-30 01:00:00,N,2,130 S,460,15,1,-113,630,Yes,2.0,no Evidence,130,"evidence of a rotation in field direction, but lacks some other characteristics of a magnetic cloud",-113,630
2005-05-31 04:00:00,N,3,30,460,4,0,...,430,No,3.0,no Evidence,30,magnetic cloud has not been reported,0,430
2005-06-12 15:00:00,N,2,80,480,14,2,-106,650,No,2.0,no Evidence,80,magnetic cloud has been reported,-106,650
2005-06-15 05:00:00,Y,2,100 S,480,9,2,-34,...,Yes,2.0,some Evidence,100,magnetic cloud has been reported,-34,0
2005-06-16 17:00:00,Y,3,230 S,600,7,1,-40,...,Yes,3.0,some Evidence,230,"evidence of a rotation in field direction, but lacks some other characteristics of a magnetic cloud",-40,0
2005-07-10 10:00:00,Y,2,80 S,430,12,1,-92,720,Yes,2.0,some Evidence,80,"evidence of a rotation in field direction, but lacks some other characteristics of a magnetic cloud",-92,720
2005-07-17 14:00:00,N,2,50 S,420,8,2,-67,...,Yes,2.0,no Evidence,50,magnetic cloud has been reported,-67,0
2005-08-09 00:00:00,Y,2,40,480,6,1,-23,477,No,2.0,some Evidence,40,"evidence of a rotation in field direction, but lacks some other characteristics of a magnetic cloud",-23,477
2005-08-10 06:00:00,N,2,20,440,8,1,-47,...,No,2.0,no Evidence,20,"evidence of a rotation in field direction, but lacks some other characteristics of a magnetic cloud",-47,0
2005-09-02 18:00:00,Y,2,110 S,650,10,1,-60,840,Yes,2.0,some Evidence,110,"evidence of a rotation in field direction, but lacks some other characteristics of a magnetic cloud",-60,840
2005-09-11 05:00:00,Y,2,300 S,900,10,0,-139,1423,Yes,2.0,some Evidence,300,magnetic cloud has not been reported,-139,1423
2005-09-12 20:00:00,Y,2,230 S,750,7,0,-88,...,Yes,2.0,some Evidence,230,magnetic cloud has not been reported,-88,0
2005-09-13 16:00:00,Y,3,60,630,5,0,-86,...,No,3.0,some Evidence,60,magnetic cloud has not been reported,-86,0
2005-09-15 06:00:00,Y,3,0,680,7,1,-80,...,No,3.0,some Evidence,0,"evidence of a rotation in field direction, but lacks some other characteristics of a magnetic cloud",-80,0
2005-09-20 18:00:00,N,2W,0,350,6,0,-33,...,No,2.5,no Evidence,0,magnetic cloud has not been reported,-33,0
2005-10-31 02:00:00,N,2,20,360,11,2,-74,...,No,2.0,no Evidence,20,magnetic cloud has been reported,-74,0
2005-12-31 04:00:00,Y,2,30,480,8,2,-30,...,No,2.0,some Evidence,30,magnetic cloud has been reported,-30,0
2006-02-05 20:00:00,N,2,30,340,10,2,-22,...,No,2.0,no Evidence,30,magnetic cloud has been reported,-22,0
2006-04-13 15:00:00,Y,2,120,520,18,2,-98,540,No,2.0,some Evidence,120,magnetic cloud has been reported,-98,540
2006-04-14 13:00:00,N,2,20,500,9,0,...,,No,2.0,no Evidence,20,magnetic cloud has not been reported,0,0
2006-07-10 21:00:00,N,1,100 S,380,8,0,-27,488,Yes,1.0,no Evidence,100,magnetic cloud has not been reported,-27,488
2006-08-20 13:00:00,N,2,90 S,400,8,0,-79,620,Yes,2.0,no Evidence,90,magnetic cloud has not been reported,-79,620
2006-08-30 20:00:00,Y,3,0,400,8,2,-35,440,No,3.0,some Evidence,0,magnetic cloud has been reported,-35,440
2006-09-30 08:00:00,N,3,90,400,15,2,-21,...,No,3.0,no Evidence,90,magnetic cloud has been reported,-21,0
2006-11-01 17:00:00,Y,3W,0,380,5,0,-28,...,No,3.5,some Evidence,0,magnetic cloud has not been reported,-28,0
2006-11-18 10:00:00,N,3W,30,400,9,0,-20,...,No,3.5,no Evidence,30,magnetic cloud has not been reported,-20,0
2006-11-29 05:00:00,N,3,20,420,12,2,-66,...,No,3.0,no Evidence,20,magnetic cloud has been reported,-66,0
2006-12-14 22:00:00,Y,1,320 S,740,13,2,-162,1180,Yes,1.0,some Evidence,320,magnetic cloud has been reported,-162,1180
2006-12-15 20:00:00,N,2,90,620,3,0,...,...,No,2.0,no Evidence,90,magnetic cloud has not been reported,0,0
2006-12-17 00:00:00,N,3,70 S,580,4,0,-56,980,Yes,3.0,no Evidence,70,magnetic cloud has not been reported,-56,980
2007-01-14 12:00:00,N,1,60,360,12,2,-18,...,No,1.0,no Evidence,60,magnetic cloud has been reported,-18,0
2007-11-19 23:00:00,Y,1,30,460,18,2,-59,437,No,1.0,some Evidence,30,magnetic cloud has been reported,-59,437
2008-09-17 04:00:00,Y,2,10,400,6,1,-20,...,No,2.0,some Evidence,10,"evidence of a rotation in field direction, but lacks some other characteristics of a magnetic cloud",-20,0
2008-12-04 12:00:00,N,3,40,390,7,1,-26,...,No,3.0,no Evidence,40,"evidence of a rotation in field direction, but lacks some other characteristics of a magnetic cloud",-26,0
2008-12-17 03:00:00,N,3,30,350,9,2,-15,350,No,3.0,no Evidence,30,magnetic cloud has been reported,-15,350
2009-01-19 02:00:00,N,2,40,430,12,1,-6,...,No,2.0,no Evidence,40,"evidence of a rotation in field direction, but lacks some other characteristics of a magnetic cloud",-6,0
2009-02-04 00:00:00,...,2,40,360,10,2,-42,...,No,2.0,nan,40,magnetic cloud has been reported,-42,0
2010-01-01 22:00:00,Y,1,10,290,7,1,-4,...,No,1.0,some Evidence,10,"evidence of a rotation in field direction, but lacks some other characteristics of a magnetic cloud",-4,0
2010-02-07 18:00:00,Y,1,20,370,9,2,-22,...,No,1.0,some Evidence,20,magnetic cloud has been reported,-22,0
2010-02-11 08:00:00,N,3,70,360,7,0,-7,450,No,3.0,no Evidence,70,magnetic cloud has not been reported,-7,450
2010-02-19 15:00:00,N,2,0,440,6,0,-11,...,No,2.0,no Evidence,0,magnetic cloud has not been reported,-11,0
2010-02-21 00:00:00,N,2,0,370,7,0,-6,...,No,2.0,no Evidence,0,magnetic cloud has not been reported,-6,0
2010-02-22 13:00:00,N,2,10,360,7,1,-16,...,No,2.0,no Evidence,10,"evidence of a rotation in field direction, but lacks some other characteristics of a magnetic cloud",-16,0
2010-04-05 12:00:00,Y,1,200,640,9,2,-81,910,No,1.0,some Evidence,200,magnetic cloud has been reported,-81,910
2010-04-09 18:00:00,N,3W,30,430,4,1,-31,...,No,3.5,no Evidence,30,"evidence of a rotation in field direction, but lacks some other characteristics of a magnetic cloud",-31,0
2010-04-12 01:00:00,N,1,60,410,11,2,-67,520,No,1.0,no Evidence,60,magnetic cloud has been reported,-67,520
2010-04-30 06:00:00,N,3,20,380,4,0,-13,...,No,3.0,no Evidence,20,magnetic cloud has not been reported,-13,0
2010-05-28 19:00:00,Y,2,60,360,14,2,-80,500,No,2.0,some Evidence,60,magnetic cloud has been reported,-80,500
2010-06-21 06:00:00,Y,2,20,360,6,1,-11,380,No,2.0,some Evidence,20,"evidence of a rotation in field direction, but lacks some other characteristics of a magnetic cloud",-11,380
2010-08-04 10:00:00,Y,2,140,530,9,2,-74,740,No,2.0,some Evidence,140,magnetic cloud has been reported,-74,740
2010-10-31 05:00:00,Y,3,30,340,9,1,-11,400,No,3.0,some Evidence,30,"evidence of a rotation in field direction, but lacks some other characteristics of a magnetic cloud",-11,400
2010-12-28 03:00:00,N,2,0,350,10,2,-43,...,No,2.0,no Evidence,0,magnetic cloud has been reported,-43,0
2011-01-24 10:00:00,N,2,30,350,7,1,-14,...,No,2.0,no Evidence,30,"evidence of a rotation in field direction, but lacks some other characteristics of a magnetic cloud",-14,0
2011-02-04 13:00:00,Y,2,20,430,15,2,-63,...,No,2.0,some Evidence,20,magnetic cloud has been reported,-63,0
2011-02-18 19:00:00,Y,2,130,470,10,1,-32,590,No,2.0,some Evidence,130,"evidence of a rotation in field direction, but lacks some other characteristics of a magnetic cloud",-32,590
2011-03-06 09:00:00,Y,3,50,430,6,0,-27,600,No,3.0,some Evidence,50,magnetic cloud has not been reported,-27,600
2011-03-29 23:00:00,Y,2,50,360,12,2,-4,360,No,2.0,some Evidence,50,magnetic cloud has been reported,-4,360
2011-05-28 05:00:00,N,1,60,510,11,2,-80,450,No,1.0,no Evidence,60,magnetic cloud has been reported,-80,450
2011-06-05 02:00:00,Y,1,120,510,12,2,-45,680,No,1.0,some Evidence,120,magnetic cloud has been reported,-45,680
2011-06-17 05:00:00,Y,2,80,500,9,1,-5,610,No,2.0,some Evidence,80,"evidence of a rotation in field direction, but lacks some other characteristics of a magnetic cloud",-5,610
2011-07-06 17:00:00,Y,2,30,360,5,1,-28,...,No,2.0,some Evidence,30,"evidence of a rotation in field direction, but lacks some other characteristics of a magnetic cloud",-28,0
2011-07-15 04:00:00,Y,2,40,410,4,0,-17,...,No,2.0,some Evidence,40,magnetic cloud has not been reported,-17,0
2011-08-05 05:00:00,N,3,70,430,5,1,-15,670,No,3.0,no Evidence,70,"evidence of a rotation in field direction, but lacks some other characteristics of a magnetic cloud",-15,670
2011-08-06 22:00:00,Y,1,180,540,4,1,-115,1100,No,1.0,some Evidence,180,"evidence of a rotation in field direction, but lacks some other characteristics of a magnetic cloud",-115,1100
2011-09-08 10:00:00,N,2,0,320,2,1,-7,...,No,2.0,no Evidence,0,"evidence of a rotation in field direction, but lacks some other characteristics of a magnetic cloud",-7,0
2011-09-10 03:00:00,Y,2,150,470,14,2,-75,680,No,2.0,some Evidence,150,magnetic cloud has been reported,-75,680
2011-09-16 19:00:00,N,2,10,390,4,0,-16,...,No,2.0,no Evidence,10,magnetic cloud has not been reported,-16,0
2011-09-17 14:00:00,N,2,70,430,11,2,-72,540,No,2.0,no Evidence,70,magnetic cloud has been reported,-72,540
2011-09-18 12:00:00,N,1,40,440,5,1,-30,...,No,1.0,no Evidence,40,"evidence of a rotation in field direction, but lacks some other characteristics of a magnetic cloud",-30,0
2011-09-22 15:00:00,N,3,20,390,5,1,-29,...,No,3.0,no Evidence,20,"evidence of a rotation in field direction, but lacks some other characteristics of a magnetic cloud",-29,0
2011-09-26 20:00:00,Y,2,130,580,7,0,-118,870,No,2.0,some Evidence,130,magnetic cloud has not been reported,-118,870
2011-10-05 10:00:00,Y,2,90,450,12,1,-43,530,No,2.0,some Evidence,90,"evidence of a rotation in field direction, but lacks some other characteristics of a magnetic cloud",-43,530
2011-10-06 12:00:00,N,1,10,370,11,2,-22,...,No,1.0,no Evidence,10,magnetic cloud has been reported,-22,0
2011-10-07 02:00:00,Y,3,0,380,4,0,-33,...,No,3.0,some Evidence,0,magnetic cloud has not been reported,-33,0
2011-10-22 21:00:00,N,3,0,290,6,1,-7,...,No,3.0,no Evidence,0,"evidence of a rotation in field direction, but lacks some other characteristics of a magnetic cloud",-7,0
2011-10-24 22:00:00,Y,2,150,460,21,2,-147,630,No,2.0,some Evidence,150,magnetic cloud has been reported,-147,630
2011-10-31 01:00:00,N,3,30,410,6,0,-29,...,No,3.0,no Evidence,30,magnetic cloud has not been reported,-29,0
2011-11-02 01:00:00,Y,3,70,380,6,1,-66,350,No,3.0,some Evidence,70,"evidence of a rotation in field direction, but lacks some other characteristics of a magnetic cloud",-66,350
2011-11-07 17:00:00,N,2,20,330,10,2,-5,...,No,2.0,no Evidence,20,magnetic cloud has been reported,-5,0
2011-11-13 10:00:00,Y,3,80,370,5,1,-13,650,No,3.0,some Evidence,80,"evidence of a rotation in field direction, but lacks some other characteristics of a magnetic cloud",-13,650
2011-11-29 00:00:00,Y,3,100,450,15,2,-25,670,No,3.0,some Evidence,100,magnetic cloud has been reported,-25,670
2011-12-02 18:00:00,N,3,0,400,7,1,-14,...,No,3.0,no Evidence,0,"evidence of a rotation in field direction, but lacks some other characteristics of a magnetic cloud",-14,0
2011-12-25 02:00:00,Y,2,0,360,4,1,-7,...,No,2.0,some Evidence,0,"evidence of a rotation in field direction, but lacks some other characteristics of a magnetic cloud",-7,0
2011-12-29 22:00:00,Y,3,0,400,7,1,-16,...,No,3.0,some Evidence,0,"evidence of a rotation in field direction, but lacks some other characteristics of a magnetic cloud",-16,0
2012-01-21 06:00:00,N,2,30,320,10,2,-10,650,No,2.0,no Evidence,30,magnetic cloud has been reported,-10,650
2012-01-22 23:00:00,Y,3,50,450,9,2,-71,670,No,3.0,some Evidence,50,magnetic cloud has been reported,-71,670
2012-02-14 21:00:00,N,3,40,370,9,1,-67,...,No,3.0,no Evidence,40,"evidence of a rotation in field direction, but lacks some other characteristics of a magnetic cloud",-67,0
2012-02-16 14:00:00,Y,3,20,320,5,1,-22,...,No,3.0,some Evidence,20,"evidence of a rotation in field direction, but lacks some other characteristics of a magnetic cloud",-22,0
2012-02-27 19:00:00,Y,3,80,440,13,2,-57,620,No,3.0,some Evidence,80,magnetic cloud has been reported,-57,620
2012-02-29 05:00:00,Y,3,20,440,7,1,-22,...,No,3.0,some Evidence,20,"evidence of a rotation in field direction, but lacks some other characteristics of a magnetic cloud",-22,0
2012-03-02 21:00:00,N,3,0,390,6,1,-50,...,No,3.0,no Evidence,0,"evidence of a rotation in field direction, but lacks some other characteristics of a magnetic cloud",-50,0
2012-03-06 08:00:00,Y,3W,0,370,11,1,-23,...,No,3.5,some Evidence,0,"evidence of a rotation in field direction, but lacks some other characteristics of a magnetic cloud",-23,0
2012-03-09 03:00:00,Y,2,270,550,7,1,-145,1220,No,2.0,some Evidence,270,"evidence of a rotation in field direction, but lacks some other characteristics of a magnetic cloud",-145,1220
2012-03-15 17:00:00,N,3,170,680,9,1,-88,960,No,3.0,no Evidence,170,"evidence of a rotation in field direction, but lacks some other characteristics of a magnetic cloud",-88,960
2012-04-23 17:00:00,...,1,60,370,13,2,-120,...,No,1.0,nan,60,magnetic cloud has been reported,-120,0
2012-04-26 00:00:00,Y,3,70,540,5,0,-57,...,No,3.0,some Evidence,70,magnetic cloud has not been reported,-57,0
2012-05-16 16:00:00,Y,2,0,370,10,2,-39,370,No,2.0,some Evidence,0,magnetic cloud has been reported,-39,370
2012-06-08 10:00:00,...,2,30,480,5,0,-12,...,No,2.0,nan,30,magnetic cloud has not been reported,-12,0
2012-06-16 23:00:00,Y,1,80,440,28,2,-86,770,No,1.0,some Evidence,80,magnetic cloud has been reported,-86,770
2012-07-05 00:00:00,Y,3,50,470,8,1,-19,730,No,3.0,some Evidence,50,"evidence of a rotation in field direction, but lacks some other characteristics of a magnetic cloud",-19,730
2012-07-09 00:00:00,Y,2,20,410,12,2,-78,480,No,2.0,some Evidence,20,magnetic cloud has been reported,-78,480
2012-07-15 06:00:00,...,1,220,490,16,2,-139,850,No,1.0,nan,220,magnetic cloud has been reported,-139,850
2012-07-22 11:00:00,N,3,50,460,5,0,-28,...,No,3.0,no Evidence,50,magnetic cloud has not been reported,-28,0
2012-09-01 07:00:00,...,2,20,310,8,1,-69,...,No,2.0,nan,20,"evidence of a rotation in field direction, but lacks some other characteristics of a magnetic cloud",-69,0
2012-09-04 11:00:00,...,2,120,430,9,0,-61,...,No,2.0,nan,120,magnetic cloud has not been reported,-61,0
2012-09-05 06:00:00,N,2,40,500,10,2,-64,...,No,2.0,no Evidence,40,magnetic cloud has been reported,-64,0
2012-09-06 02:00:00,Y,1,0,420,10,2,-32,...,No,1.0,some Evidence,0,magnetic cloud has been reported,-32,0
2012-09-30 14:00:00,...,3,30,310,8,0,-39,...,No,3.0,nan,30,magnetic cloud has not been reported,-39,0
2012-10-01 00:00:00,Y,3,70,370,14,2,-122,590,No,3.0,some Evidence,70,magnetic cloud has been reported,-122,590
2012-10-02 22:00:00,N,3,0,320,6,1,-32,...,No,3.0,no Evidence,0,"evidence of a rotation in field direction, but lacks some other characteristics of a magnetic cloud",-32,0
2012-10-08 18:00:00,...,1,70,390,16,2,-107,560?,No,1.0,nan,70,magnetic cloud has been reported,-107,0
2012-10-12 22:00:00,...,2,40,490,11,2,-90,...,No,2.0,nan,40,magnetic cloud has been reported,-90,0
2012-11-01 00:00:00,Y,1,70,340,11,2,-65,440,No,1.0,some Evidence,70,magnetic cloud has been reported,-65,440
2012-11-09 03:00:00,N,2,0,370,2,1,+1,...,No,2.0,no Evidence,0,"evidence of a rotation in field direction, but lacks some other characteristics of a magnetic cloud",1,0
2012-11-13 08:00:00,Y,1,50,380,21,2,-108,530,No,1.0,some Evidence,50,magnetic cloud has been reported,-108,530
2012-11-24 12:00:00,Y,2,70,380,12,1,-40,510,No,2.0,some Evidence,70,"evidence of a rotation in field direction, but lacks some other characteristics of a magnetic cloud",-40,510
2012-11-26 12:00:00,N,3,90,450,6,0,-8,660,No,3.0,no Evidence,90,magnetic cloud has not been reported,-8,660
2012-11-28 18:00:00,N,3,20,360,4,0,-1,...,No,3.0,no Evidence,20,magnetic cloud has not been reported,-1,0
2012-12-14 07:00:00,Y,3,30,330,7,2,+9,...,No,3.0,some Evidence,30,magnetic cloud has been reported,9,0
2013-01-17 16:00:00,Y,2,0,390,12,2,-52,420,No,2.0,some Evidence,0,magnetic cloud has been reported,-52,420
2013-01-19 00:00:00,N,2,40,430,5,1,-25,...,No,2.0,no Evidence,40,"evidence of a rotation in field direction, but lacks some other characteristics of a magnetic cloud",-25,0
2013-02-14 08:00:00,N,3,20,360,4,0,-37,...,No,3.0,no Evidence,20,magnetic cloud has not been reported,-37,0
2013-02-17 10:00:00,N,2,60,360,7,1,-40,...,No,2.0,no Evidence,60,"evidence of a rotation in field direction, but lacks some other characteristics of a magnetic cloud",-40,0
2013-03-17 15:00:00,N,1,230,520,9,2,-132,890,No,1.0,no Evidence,230,magnetic cloud has been reported,-132,890
2013-03-20 18:00:00,N,3,110,520,9,1,-39,...,No,3.0,no Evidence,110,"evidence of a rotation in field direction, but lacks some other characteristics of a magnetic cloud",-39,0
2013-04-14 17:00:00,Y,2,100,410,9,2,-6,660,No,2.0,some Evidence,100,magnetic cloud has been reported,-6,660
2013-04-30 12:00:00,Y,1,50,400,10,2,-47,...,No,1.0,some Evidence,50,magnetic cloud has been reported,-47,0
2013-05-01 11:00:00,N,2,30,430,10,1,-72,...,No,2.0,no Evidence,30,"evidence of a rotation in field direction, but lacks some other characteristics of a magnetic cloud",-72,0
2013-05-25 23:00:00,Y,1,140,660,7,0,-47,...,No,1.0,some Evidence,140,magnetic cloud has not been reported,-47,0
2013-06-06 14:00:00,Y,1,30,430,11,2,-78,...,No,1.0,some Evidence,30,magnetic cloud has been reported,-78,0
2013-06-08 10:00:00,Y,2,20,430,3,1,-20,...,No,2.0,some Evidence,20,"evidence of a rotation in field direction, but lacks some other characteristics of a magnetic cloud",-20,0
2013-06-28 02:00:00,Y,1,70,390,10,2,-102,470,No,1.0,some Evidence,70,magnetic cloud has been reported,-102,470
2013-07-05 01:00:00,Y,2,10,350,10,2,-87,...,No,2.0,some Evidence,10,magnetic cloud has been reported,-87,0
2013-07-13 05:00:00,Y,1,60,430,13,2,-81,563,No,1.0,some Evidence,60,magnetic cloud has been reported,-81,563
2013-08-21 08:00:00,N,3,30,460,7,1,-26,...,No,3.0,no Evidence,30,"evidence of a rotation in field direction, but lacks some other characteristics of a magnetic cloud",-26,0
2013-08-23 20:00:00,Y,3,40,470,6,1,-40,...,No,3.0,some Evidence,40,"evidence of a rotation in field direction, but lacks some other characteristics of a magnetic cloud",-40,0
2013-08-25 03:00:00,Y,3,30,400,4,1,-29,...,No,3.0,some Evidence,30,"evidence of a rotation in field direction, but lacks some other characteristics of a magnetic cloud",-29,0
2013-10-02 23:00:00,Y,1,220,470,7,2,-72,800,No,1.0,some Evidence,220,magnetic cloud has been reported,-72,800
2013-10-09 09:00:00,Y,1,100,480,6,0,-69,780,No,1.0,some Evidence,100,magnetic cloud has not been reported,-69,780
2013-11-08 22:00:00,N,3,0,420,12,2,-80,...,No,3.0,no Evidence,0,magnetic cloud has been reported,-80,0
2013-11-11 17:00:00,Y,2,0,460,7,1,-30,...,No,2.0,some Evidence,0,"evidence of a rotation in field direction, but lacks some other characteristics of a magnetic cloud",-30,0
2013-12-01 11:00:00,Y,2,50,450,9,2,-22,...,No,2.0,some Evidence,50,magnetic cloud has been reported,-22,0
2013-12-15 16:00:00,Y,2,30,460,7,2,-23,510,No,2.0,some Evidence,30,magnetic cloud has been reported,-23,510
2013-12-25 05:00:00,Y,2,30,300,11,2,-35,...,No,2.0,some Evidence,30,magnetic cloud has been reported,-35,0
2014-02-06 03:00:00,Y,2,50,370,7,0,-31,...,No,2.0,some Evidence,50,magnetic cloud has not been reported,-31,0
2014-02-08 01:00:00,Y,2,110,420,9,2,-39,470,No,2.0,some Evidence,110,magnetic cloud has been reported,-39,470
2014-02-11 12:00:00,Y,2,60,430,6,1,-24,...,No,2.0,some Evidence,60,"evidence of a rotation in field direction, but lacks some other characteristics of a magnetic cloud",-24,0
2014-02-16 05:00:00,Y,2,100,380,15,2,-24,530,No,2.0,some Evidence,100,magnetic cloud has been reported,-24,530
2014-02-17 03:00:00,Y,3W,0,400,6,1,-27,...,No,3.5,some Evidence,0,"evidence of a rotation in field direction, but lacks some other characteristics of a magnetic cloud",-27,0
2014-02-18 15:00:00,Y,2,60,400,8,1,-67,...,No,2.0,some Evidence,60,"evidence of a rotation in field direction, but lacks some other characteristics of a magnetic cloud",-67,0
2014-02-19 12:00:00,Y,1,60,520,11,2,-119,...,No,1.0,some Evidence,60,magnetic cloud has been reported,-119,0
2014-02-21 02:00:00,Y,2,180,490,6,0,-95,...,No,2.0,some Evidence,180,magnetic cloud has not been reported,-95,0
2014-04-05 22:00:00,Y,2,40,380,13,2,-15,610,No,2.0,some Evidence,40,magnetic cloud has been reported,-15,610
2014-04-11 06:00:00,Y,3,10,350,5,2,-86,...,No,3.0,some Evidence,10,magnetic cloud has been reported,-86,0
2014-04-18 19:00:00,Y,2,0,490,8,0,-19,...,No,2.0,some Evidence,0,magnetic cloud has not been reported,-19,0
2014-04-20 01:00:00,Y,2,30,510,5,1,-14,...,No,2.0,some Evidence,30,"evidence of a rotation in field direction, but lacks some other characteristics of a magnetic cloud",-14,0
2014-04-21 07:00:00,Y,2,200,540,6,1,-32,920,No,2.0,some Evidence,200,"evidence of a rotation in field direction, but lacks some other characteristics of a magnetic cloud",-32,920
2014-04-29 20:00:00,Y,3,0,310,9,2,-67,...,No,3.0,some Evidence,0,magnetic cloud has been reported,-67,0
2014-06-08 20:00:00,Y,2,60,480,9,0,-37,570,No,2.0,some Evidence,60,magnetic cloud has not been reported,-37,570
2014-08-19 16:00:00,Y,1,40,360,17,2,-28,500,No,1.0,some Evidence,40,magnetic cloud has been reported,-28,500
2014-09-12 22:00:00,Y,1,230,600,20,2,-88,920,No,1.0,some Evidence,230,magnetic cloud has been reported,-88,920
2014-09-17 02:00:00,Y,2,0,310,9,1,-18,410,No,2.0,some Evidence,0,"evidence of a rotation in field direction, but lacks some other characteristics of a magnetic cloud",-18,410
2014-11-11 07:00:00,N,3,50,480,9,0,-65,...,No,3.0,no Evidence,50,magnetic cloud has not been reported,-65,0
2014-12-22 04:00:00,Y,2,70,380,16,2,-71,380,No,2.0,some Evidence,70,magnetic cloud has been reported,-71,380
2015-01-02 15:00:00,Y,3,20,390,8,1,-42 P,...,No,3.0,some Evidence,20,"evidence of a rotation in field direction, but lacks some other characteristics of a magnetic cloud",0,0
2015-01-03 14:00:00,Y,2,10,430,9,1,-62 P,...,No,2.0,some Evidence,10,"evidence of a rotation in field direction, but lacks some other characteristics of a magnetic cloud",0,0
2015-01-07 07:00:00,Y,1,30,450,16,2,-99 P,420,No,1.0,some Evidence,30,magnetic cloud has been reported,0,420
2015-03-16 14:00:00,Y,3,30,420,11,0,+16 P,...,No,3.0,some Evidence,30,magnetic cloud has not been reported,0,0
2015-03-17 13:00:00,Y,1,90,560,20,2,-223 P,840,No,1.0,some Evidence,90,magnetic cloud has been reported,0,840
2015-03-22 02:00:00,Y,3,70,640,8,0,-43 P,...,No,3.0,some Evidence,70,magnetic cloud has not been reported,0,0
2015-03-28 11:00:00,Y,2,10,390,13,2,-29 P,...,No,2.0,some Evidence,10,magnetic cloud has been reported,0,0
2015-03-29 19:00:00,Y,3,20,360,6,0,-28 P,...,No,3.0,some Evidence,20,magnetic cloud has not been reported,0,0
2015-03-31 18:00:00,Y,2,40,400,13,2,-2 P,...,No,2.0,some Evidence,40,magnetic cloud has been reported,0,0
2015-04-09 11:00:00,N,3,30,380,12,0,1 P,...,No,3.0,no Evidence,30,magnetic cloud has not been reported,0,0
2015-04-10 13:00:00,Y,1,40,380,13,2,-75 P,...,No,1.0,some Evidence,40,magnetic cloud has been reported,0,0
2015-05-06 12:00:00,Y,1,80,420,13,2,-28 P,...,No,1.0,some Evidence,80,magnetic cloud has been reported,0,0
2015-05-07 21:00:00,Y,1,0,390,6,0,-8 P,...,No,1.0,some Evidence,0,magnetic cloud has not been reported,0,0
2015-05-10 12:00:00,N,2,0,370,11,2,-51 P,...,No,2.0,no Evidence,0,magnetic cloud has been reported,0,0
2015-05-18 20:00:00,Y,3,40,460,16,2,-44 P,...,No,3.0,some Evidence,40,magnetic cloud has been reported,0,0
2015-06-23 02:00:00,Y,2,190,610,14,1,-204 P,1040,No,2.0,some Evidence,190,"evidence of a rotation in field direction, but lacks some other characteristics of a magnetic cloud",0,1040
2015-06-25 10:00:00,Y,2,170,550,5,0,-86 P,960,No,2.0,some Evidence,170,magnetic cloud has not been reported,0,960
2015-06-26 12:00:00,Y,3,50,490,5,1,-57 P,...,No,3.0,some Evidence,50,"evidence of a rotation in field direction, but lacks some other characteristics of a magnetic cloud",0,0
2015-07-13 06:00:00,Y,2,40,490,8,0,-61 P,580,No,2.0,some Evidence,40,magnetic cloud has not been reported,0,580
2015-08-07 16:00:00,N,2,10,510,9,0,-25 P,...,No,2.0,no Evidence,10,magnetic cloud has not been reported,0,0
2015-08-15 21:00:00,Y,2,10,500,12,1,-84 P,640,No,2.0,some Evidence,10,"evidence of a rotation in field direction, but lacks some other characteristics of a magnetic cloud",0,640
2015-08-26 08:00:00,Y,2,20,370,11,1,-92 P,...,No,2.0,some Evidence,20,"evidence of a rotation in field direction, but lacks some other characteristics of a magnetic cloud",0,0
2015-09-08 00:00:00,Y,1,190,460,15,2,-94 P,620,No,1.0,some Evidence,190,magnetic cloud has been reported,0,620
2015-09-13 07:00:00,Y,3,10,460,5,0,-38 P,...,No,3.0,some Evidence,10,magnetic cloud has not been reported,0,0
2015-09-21 08:00:00,Y,2,120,510,5,0,-75 P,850,No,2.0,some Evidence,120,magnetic cloud has not been reported,0,850
2015-10-25 14:00:00,Y,2,60,430,7,1,-7 P,...,No,2.0,some Evidence,60,"evidence of a rotation in field direction, but lacks some other characteristics of a magnetic cloud",0,0
2015-11-04 15:00:00,Y,2,70,640,8,1,-60 P,...,No,2.0,some Evidence,70,"evidence of a rotation in field direction, but lacks some other characteristics of a magnetic cloud",0,0
2015-11-07 06:00:00,N,1,90,500,13,2,-89 P,810,No,1.0,no Evidence,90,magnetic cloud has been reported,0,810
2015-12-20 03:00:00,Y,1,110,400,15,2,-155 P,540,No,1.0,some Evidence,110,magnetic cloud has been reported,0,540
2015-12-31 17:00:00,Y,2,90,440,10,2,-110 P,690,No,2.0,some Evidence,90,magnetic cloud has been reported,0,690
2016-01-19 10:00:00,Y,2,70,370,14,2,-93 P,440,No,2.0,some Evidence,70,magnetic cloud has been reported,0,440
2016-01-24 18:00:00,Y,2,30,410,5,1,-10 P,...,No,2.0,some Evidence,30,"evidence of a rotation in field direction, but lacks some other characteristics of a magnetic cloud",0,0
2016-03-05 19:00:00,N,2,10,360,12,2,-4 P,...,No,2.0,no Evidence,10,magnetic cloud has been reported,0,0
2016-03-20 14:00:00,N,3,20,400,7,1,-42 P,...,No,3.0,no Evidence,20,"evidence of a rotation in field direction, but lacks some other characteristics of a magnetic cloud",0,0
2016-04-14 09:00:00,Y,3,30,420,8,1,-59 P,460,No,3.0,some Evidence,30,"evidence of a rotation in field direction, but lacks some other characteristics of a magnetic cloud",0,460
2016-04-17 03:00:00,N,3,0,400,5,1,-25 P,...,No,3.0,no Evidence,0,"evidence of a rotation in field direction, but lacks some other characteristics of a magnetic cloud",0,0
2016-07-20 07:00:00,Y,1,110,440,10,2,-23 P,710,No,1.0,some Evidence,110,magnetic cloud has been reported,0,710
2016-07-24 21:00:00,Y,1,50,430,7,2,-34 P,...,No,1.0,some Evidence,50,magnetic cloud has been reported,0,0
2016-07-25 22:00:00,Y,2,0,370,4,0,-10 P,...,No,2.0,some Evidence,0,magnetic cloud has not been reported,0,0
2016-08-02 14:00:00,Y,2,10,420,20,2,-14 P,370,No,2.0,some Evidence,10,magnetic cloud has been reported,0,370
2016-10-13 06:00:00,Y,1,80,390,19,2,-104 P,430,No,1.0,some Evidence,80,magnetic cloud has been reported,0,430
2016-11-04 18:00:00,Y,3W,0,350,4,0,-17 P,...,No,3.5,some Evidence,0,magnetic cloud has not been reported,0,0
2016-11-10 00:00:00,N,2,50,360,11,2,-59 P,430,No,2.0,no Evidence,50,magnetic cloud has been reported,0,430
2017-04-04 04:00:00,Y,3,20,410,13,2,-44 Q,...,No,3.0,some Evidence,20,magnetic cloud has been reported,0,0
2017-04-09 00:00:00,Y,3,0,470,7,1,-24 Q,...,No,3.0,some Evidence,0,"evidence of a rotation in field direction, but lacks some other characteristics of a magnetic cloud",0,0
2017-04-14 00:00:00,Y,2,50,380,6,1,-25 Q,...,No,2.0,some Evidence,50,"evidence of a rotation in field direction, but lacks some other characteristics of a magnetic cloud",0,0
2017-05-27 22:00:00,Y,1,80,360,16,2,-122 Q,400,No,1.0,some Evidence,80,magnetic cloud has been reported,0,400
2017-07-16 15:00:00,Y,1,90,520,13,2,-72Q,810,No,1.0,some Evidence,90,magnetic cloud has been reported,0,810
2017-08-22 04:00:00,Y,3,50,500,5,1,-48Q,...,No,3.0,some Evidence,50,"evidence of a rotation in field direction, but lacks some other characteristics of a magnetic cloud",0,0
2017-09-07 20:00:00,Y,2,170,490,10,1,-17Q,820,No,2.0,some Evidence,170,"evidence of a rotation in field direction, but lacks some other characteristics of a magnetic cloud",0,820
2017-09-08 11:00:00,Y,1,220,590,7,1,-124Q,1210,No,1.0,some Evidence,220,"evidence of a rotation in field direction, but lacks some other characteristics of a magnetic cloud",0,1210
2017-12-25 00:00:00,N,3W,0,480,7,1,-24Q,...,No,3.5,no Evidence,0,"evidence of a rotation in field direction, but lacks some other characteristics of a magnetic cloud",0,0
2018-03-09 22:00:00,Y,1,80,410,14,2,-39 Q,470,No,1.0,some Evidence,80,magnetic cloud has been reported,0,470
2018-05-13 06:00:00,Y,3,0,430,10,1,-21 Q,...,No,3.0,some Evidence,0,"evidence of a rotation in field direction, but lacks some other characteristics of a magnetic cloud",0,0
2018-06-06 11:00:00,Y,2,0,400,9,2,-25 Q,...,No,2.0,some Evidence,0,magnetic cloud has been reported,0,0
2018-06-25 10:00:00,Y,2,0,420,7,1,-48 Q,...,No,2.0,some Evidence,0,"evidence of a rotation in field direction, but lacks some other characteristics of a magnetic cloud",0,0
2018-06-30 20:00:00,Y,3,40,390,3,1,-10 Q,...,No,3.0,some Evidence,40,"evidence of a rotation in field direction, but lacks some other characteristics of a magnetic cloud",0,0
2018-07-10 12:00:00,Y,2,0,330,9,2,0 Q,...,No,2.0,some Evidence,0,magnetic cloud has been reported,0,0
2018-08-25 12:00:00,Y,2,30,410,16,2,-174 Q,410,No,2.0,some Evidence,30,magnetic cloud has been reported,0,410
2018-09-23 04:00:00,Y,3,0,440,8,0,-28 Q,...,No,3.0,some Evidence,0,magnetic cloud has not been reported,0,0
2019-05-07 22:00:00,N,3,0,320,3,0,-2 Q,...,No,3.0,no Evidence,0,magnetic cloud has not been reported,0,0
2019-05-11 06:00:00,Y,2,40,350,8,1,-51 Q,490,No,2.0,some Evidence,40,"evidence of a rotation in field direction, but lacks some other characteristics of a magnetic cloud",0,490
2019-05-14 06:00:00,Y,2,60,470,8,2,-65 Q,...,No,2.0,some Evidence,60,magnetic cloud has been reported,0,0
2019-05-16 23:00:00,Y,3,30,450,6,1,-10 Q,420,No,3.0,some Evidence,30,"evidence of a rotation in field direction, but lacks some other characteristics of a magnetic cloud",0,420
2019-05-27 04:00:00,Y,1,60,350,10,2,-16 Q,...,No,1.0,some Evidence,60,magnetic cloud has been reported,0,0
2019-10-29 20:00:00,Y,2,20,380,10,2,-19 Q,380,No,2.0,some Evidence,20,magnetic cloud has been reported,0,380
2019-11-11 10:00:00,Y,3,60,360,12,2,-23 Q,...,No,3.0,some Evidence,60,magnetic cloud has been reported,0,0
2020-01-04 10:00:00,Y,2,0,370,8,2,-24 Q,...,No,2.0,some Evidence,0,magnetic cloud has been reported,0,0
2020-04-20 09:00:00,Y,1,50,330,15,2,-59 Q,330,No,1.0,some Evidence,50,magnetic cloud has been reported,0,330
2020-10-05 17:00:00,Y,2,20,350,10,2,-40 Q,300,No,2.0,some Evidence,20,magnetic cloud has been reported,0,300
2020-12-10 23:00:00,Y,2,110,440,5,0,-10 Q,720,No,2.0,some Evidence,110,magnetic cloud has not been reported,0,720
2021-02-23 08:00:00,Y,3W,40,510,5,0,-31 Q,670,No,3.5,some Evidence,40,magnetic cloud has not been reported,0,670
2021-05-12 15:00:00,Y,2,120,410,8,2,-61 Q,620,No,2.0,some Evidence,120,magnetic cloud has been reported,0,620
2021-05-26 22:00:00,...,3,40,410,9,0,-28 Q,550-700,No,3.0,nan,40,magnetic cloud has not been reported,0,0
